"ID","Domain","Diff","Question","Canonical URL","Extract This Field","Grading","BD Tool","Update Freq","Ground Truth Region","Tolerance","Optimal Path","Grading Notes","Why It Matters"
"v1_rec_001","recruiting_linkedin","easy","Using OpenAI's LinkedIn company profile, how many people does LinkedIn currently show as employees?","https://www.linkedin.com/company/openai/","LinkedIn employees_in_linkedin integer","numeric_range","web_data_linkedin_company_profile","headcount updates","US","+/- 100","1 structured LinkedIn company profile call","Use the structured LinkedIn employees_in_linkedin field; reject company size range, follower count, and website estimates.","AI-company headcount is a recruiting and investor signal."
"v1_rec_002","recruiting_linkedin","easy","Using OpenAI's LinkedIn company profile, how many followers does LinkedIn currently show?","https://www.linkedin.com/company/openai/","LinkedIn followers integer","numeric_range","web_data_linkedin_company_profile","daily","US","+/- 5000","1 structured LinkedIn company profile call","Use the structured LinkedIn followers field; reject employee count and website traffic estimates.","Live company audience signal for a highly watched AI lab."
"v1_rec_003","recruiting_linkedin","easy","Using Anthropic's LinkedIn company profile, how many people does LinkedIn currently show as employees?","https://www.linkedin.com/company/anthropicresearch/","LinkedIn employees_in_linkedin integer","numeric_range","web_data_linkedin_company_profile","headcount updates","US","+/- 100","1 structured LinkedIn company profile call","Use the structured LinkedIn employees_in_linkedin field; reject company size range, follower count, and website estimates.","Recruiting audiences care deeply about AI-company growth."
"v1_rec_004","recruiting_linkedin","easy","Using Anthropic's LinkedIn company profile, how many followers does LinkedIn currently show?","https://www.linkedin.com/company/anthropicresearch/","LinkedIn followers integer","numeric_range","web_data_linkedin_company_profile","daily","US","+/- 50000","1 structured LinkedIn company profile call","Use the structured LinkedIn followers field; reject employee count and website traffic estimates.","Measures public recruiting interest in a leading AI company."
"v1_rec_005","recruiting_linkedin","easy","Using Databricks' LinkedIn company profile, how many people does LinkedIn currently show as employees?","https://www.linkedin.com/company/databricks/","LinkedIn employees_in_linkedin integer","numeric_range","web_data_linkedin_company_profile","headcount updates","US","+/- 100","1 structured LinkedIn company profile call","Use the structured LinkedIn employees_in_linkedin field; reject company size range, follower count, and website estimates.","Databricks is a high-signal IPO and recruiting company."
"v1_rec_006","recruiting_linkedin","easy","Using Perplexity's LinkedIn company profile, how many followers does LinkedIn currently show?","https://www.linkedin.com/company/perplexity-ai/","LinkedIn followers integer","numeric_range","web_data_linkedin_company_profile","daily","US","+/- 5000","1 structured LinkedIn company profile call","Use the structured LinkedIn followers field; reject employee count and website traffic estimates.","AI startup audience growth is a shareable live metric."
"v1_rec_007","recruiting_linkedin","easy","Using Scale AI's LinkedIn company profile, how many people does LinkedIn currently show as employees?","https://www.linkedin.com/company/scale-ai/","LinkedIn employees_in_linkedin integer","numeric_range","web_data_linkedin_company_profile","headcount updates","US","+/- 100","1 structured LinkedIn company profile call","Use the structured LinkedIn employees_in_linkedin field; reject company size range, follower count, and website estimates.","Scale AI is a recognizable AI-infrastructure hiring signal."
"v1_rec_008","recruiting_linkedin","easy","Using NVIDIA's LinkedIn company profile, how many followers does LinkedIn currently show?","https://www.linkedin.com/company/nvidia/","LinkedIn followers integer","numeric_range","web_data_linkedin_company_profile","daily","US","+/- 10000","1 structured LinkedIn company profile call","Use the structured LinkedIn followers field; reject employee count and website traffic estimates.","Nvidia is the mainstream AI-market social signal."
"v1_rec_009","recruiting_linkedin","easy","Using Stripe's LinkedIn company profile, how many people does LinkedIn currently show as employees?","https://www.linkedin.com/company/stripe/","LinkedIn employees_in_linkedin integer","numeric_range","web_data_linkedin_company_profile","headcount updates","US","+/- 100","1 structured LinkedIn company profile call","Use the structured LinkedIn employees_in_linkedin field; reject company size range, follower count, and website estimates.","Stripe is a major tech recruiting benchmark."
"v1_rec_010","recruiting_linkedin","easy","Using Snowflake's LinkedIn company profile, how many people does LinkedIn currently show as employees?","https://www.linkedin.com/company/snowflake-computing/","LinkedIn employees_in_linkedin integer","numeric_range","web_data_linkedin_company_profile","headcount updates","US","+/- 100","1 structured LinkedIn company profile call","Use the structured LinkedIn employees_in_linkedin field; reject company size range, follower count, and website estimates.","Enterprise software headcount is useful for BI audiences."
"v1_rec_011","recruiting_linkedin","medium","On Anthropic's LinkedIn jobs page, what is the title of the first job listing returned by LinkedIn at retrieval time?","https://www.linkedin.com/company/anthropicresearch/jobs/","Most recent LinkedIn job title","exact_match","web_data_linkedin_job_listings","daily","US","exact normalized title","1 structured LinkedIn job listings call","Use the first or most recent job listing title returned by LinkedIn; reject company profile roles or non-LinkedIn sources.","Daily-changing recruiting task with a structured source."
"v1_rec_012","recruiting_linkedin","medium","On Stripe's LinkedIn jobs page, what is the title of the first job listing returned by LinkedIn at retrieval time?","https://www.linkedin.com/company/stripe/jobs/","Most recent LinkedIn job title","exact_match","web_data_linkedin_job_listings","daily","US","exact normalized title","1 structured LinkedIn job listings call","Use the first or most recent job listing title returned by LinkedIn; reject company profile roles or non-LinkedIn sources.","Recruiting examples are easy for tech users to understand."
"v1_fin_001","finance","easy","Using Yahoo Finance, what is NVDA's current regular-market quote price in USD?","https://finance.yahoo.com/quote/NVDA/","Current regular market price in USD","numeric_range","scrape_as_markdown","seconds","US","+/- $5","1 Bright Data markdown scrape of Yahoo Finance quote page","Use Yahoo Finance regularMarketPrice/current displayed quote; reject profile fields, analyst targets, historical closes, and fallback $1.00 artifacts.","A volatile AI stock price cannot be memorized."
"v1_fin_002","finance","easy","Using Yahoo Finance, what is AAPL's current regular-market quote price in USD?","https://finance.yahoo.com/quote/AAPL/","Current regular market price in USD","numeric_range","scrape_as_markdown","seconds","US","+/- $3","1 Bright Data markdown scrape of Yahoo Finance quote page","Use Yahoo Finance regularMarketPrice/current displayed quote; reject profile fields, analyst targets, historical closes, and fallback $1.00 artifacts.","Mainstream stock retrieval task with high recognizability."
"v1_fin_003","finance","easy","Using Yahoo Finance, what is TSLA's current regular-market quote price in USD?","https://finance.yahoo.com/quote/TSLA/","Current regular market price in USD","numeric_range","scrape_as_markdown","seconds","US","+/- $5","1 Bright Data markdown scrape of Yahoo Finance quote page","Use Yahoo Finance regularMarketPrice/current displayed quote; reject profile fields, analyst targets, historical closes, and fallback $1.00 artifacts.","Retail-investor favorite with frequent movement."
"v1_fin_004","finance","easy","Using Yahoo Finance, what is MSFT's current regular-market quote price in USD?","https://finance.yahoo.com/quote/MSFT/","Current regular market price in USD","numeric_range","scrape_as_markdown","seconds","US","+/- $3","1 Bright Data markdown scrape of Yahoo Finance quote page","Use Yahoo Finance regularMarketPrice/current displayed quote; reject profile fields, analyst targets, historical closes, and fallback $1.00 artifacts.","A core AI-infrastructure stock for BI users."
"v1_fin_005","finance","easy","Using Yahoo Finance, what is META's current regular-market quote price in USD?","https://finance.yahoo.com/quote/META/","Current regular market price in USD","numeric_range","scrape_as_markdown","seconds","US","+/- $5","1 Bright Data markdown scrape of Yahoo Finance quote page","Use Yahoo Finance regularMarketPrice/current displayed quote; reject profile fields, analyst targets, historical closes, and fallback $1.00 artifacts.","Models often know stale mega-cap prices."
"v1_fin_006","finance","easy","On Yahoo Finance for ticker SPY, what is the current regular market price in USD at retrieval time?","https://finance.yahoo.com/quote/SPY/","Current ETF price in USD","numeric_range","scrape_as_markdown","seconds","US","+/- $2","1 Bright Data markdown scrape of Yahoo Finance quote page","Use Yahoo Finance regularMarketPrice/current displayed quote; reject profile fields, analyst targets, historical closes, and fallback $1.00 artifacts.","Broad-market investing benchmark."
"v1_fin_007","finance","easy","Using Yahoo Finance, what is QQQ's current regular-market quote price in USD?","https://finance.yahoo.com/quote/QQQ/","Current ETF price in USD","numeric_range","scrape_as_markdown","seconds","US","+/- $2","1 Bright Data markdown scrape of Yahoo Finance quote page","Use Yahoo Finance regularMarketPrice/current displayed quote; reject profile fields, analyst targets, historical closes, and fallback $1.00 artifacts.","Tech-heavy ETF for investor audiences."
"v1_fin_008","finance","medium","Using Yahoo Finance, what is the current regular-market value for the VIX index (^VIX)?","https://finance.yahoo.com/quote/%5EVIX/","Current VIX index value","numeric_range","scrape_as_markdown","seconds","US","+/- 1.0","1 Bright Data markdown scrape of Yahoo Finance quote page","Use Yahoo Finance regularMarketPrice/current displayed quote; reject profile fields, analyst targets, historical closes, and fallback $1.00 artifacts.","Fast-moving market stress signal."
"v1_app_001","mobile_apps","easy","Using the US Apple App Store listing for ChatGPT, what rating number is shown right now?","https://apps.apple.com/us/app/chatgpt/id6448311069","App Store rating numeric","numeric_range","web_data_apple_app_store","daily","US","+/- 0.1","1 structured Apple App Store call","Use the rating shown by Apple App Store; reject Google Play or review-count values.","Mobile app reputation is widely understood."
"v1_app_002","mobile_apps","easy","Using the US Apple App Store listing for ChatGPT, what app version is listed right now?","https://apps.apple.com/us/app/chatgpt/id6448311069","Current iOS app version string","exact_match","web_data_apple_app_store","release updates","US","exact","1 structured Apple App Store call","Use the version field from Apple App Store; reject Android versions.","App versions are clean exact retrieval targets."
"v1_app_003","mobile_apps","easy","Using the US Google Play listing for ChatGPT, what rating number is shown right now?","https://play.google.com/store/apps/details?id=com.openai.chatgpt&hl=en_US&gl=US","Google Play rating numeric","numeric_range","web_data_google_play_store","daily","US","+/- 0.1","1 structured Google Play Store call","Use Google Play rating for the US listing; reject App Store ratings and review-count values.","Same product across platforms tests source precision."
"v1_app_004","mobile_apps","easy","Using the US Google Play listing for Google Maps, what rating number is shown right now?","https://play.google.com/store/apps/details?id=com.google.android.apps.maps&hl=en_US&gl=US","Google Play rating numeric","numeric_range","web_data_google_play_store","daily","US","+/- 0.1","1 structured Google Play Store call","Use Google Play rating; reject App Store ratings and review-count values.","Mainstream app with a familiar source."
"v1_app_005","mobile_apps","easy","Using the US Apple App Store listing for Google Maps, what rating number is shown right now?","https://apps.apple.com/us/app/google-maps/id585027354","App Store rating numeric","numeric_range","web_data_apple_app_store","daily","US","+/- 0.1","1 structured Apple App Store call","Use Apple App Store rating; reject Google Play ratings.","Cross-platform app facts expose source mixups."
"v1_app_006","mobile_apps","easy","Using the US Apple App Store listing for WhatsApp Messenger, what rating number is shown right now?","https://apps.apple.com/us/app/whatsapp-messenger/id310633997","App Store rating numeric","numeric_range","web_data_apple_app_store","daily","US","+/- 0.1","1 structured Apple App Store call","Use Apple App Store rating; reject Google Play ratings.","Popular global app with live metadata."
"v1_app_007","mobile_apps","easy","Using the US Apple App Store listing for WhatsApp Messenger, what app version is listed right now?","https://apps.apple.com/us/app/whatsapp-messenger/id310633997","Current iOS app version string","exact_match","web_data_apple_app_store","release updates","US","exact","1 structured Apple App Store call","Use the version field from Apple App Store; reject Android versions.","Version numbers change and are exact-match friendly."
"v1_app_008","mobile_apps","easy","Using the US Google Play listing for Spotify, what rating number is shown right now?","https://play.google.com/store/apps/details?id=com.spotify.music&hl=en_US&gl=US","Google Play rating numeric","numeric_range","web_data_google_play_store","daily","US","+/- 0.1","1 structured Google Play Store call","Use Google Play rating; reject App Store ratings.","Consumer app task with broad recognition."
"v1_app_009","mobile_apps","easy","Using the US Apple App Store listing for Instagram, what rating number is shown right now?","https://apps.apple.com/us/app/instagram/id389801252","App Store rating numeric","numeric_range","web_data_apple_app_store","daily","US","+/- 0.1","1 structured Apple App Store call","Use Apple App Store rating; reject Google Play ratings.","Social app metadata is shareable and familiar."
"v1_app_010","mobile_apps","easy","Using the US Google Play listing for Instagram, what rating number is shown right now?","https://play.google.com/store/apps/details?id=com.instagram.android&hl=en_US&gl=US","Google Play rating numeric","numeric_range","web_data_google_play_store","daily","US","+/- 0.1","1 structured Google Play Store call","Use Google Play rating; reject App Store ratings.","Tests platform-specific retrieval."
"v1_app_011","mobile_apps","easy","Using the US Apple App Store listing for TikTok, what rating number is shown right now?","https://apps.apple.com/us/app/tiktok/id835599320","App Store rating numeric","numeric_range","web_data_apple_app_store","daily","US","+/- 0.1","1 structured Apple App Store call","Use Apple App Store rating; reject Google Play ratings and review-count values.","A mainstream social app with constantly refreshed store metadata."
"v1_app_012","mobile_apps","easy","Using the US Google Play listing for TikTok, what rating number is shown right now?","https://play.google.com/store/apps/details?id=com.zhiliaoapp.musically&hl=en_US&gl=US","Google Play rating numeric","numeric_range","web_data_google_play_store","daily","US","+/- 0.1","1 structured Google Play Store call","Use Google Play rating; reject App Store ratings and review-count values.","Cross-platform task that is easy to audit and hard to memorize."
"v1_social_001","social_media","easy","Using OpenAI's YouTube channel page, how many subscribers are shown right now?","https://www.youtube.com/@OpenAI","YouTube subscriber count integer","numeric_range","web_data_youtube_profiles","daily","US","+/- 50000","1 structured YouTube profile call","Use the YouTube profile subscriber count; reject view counts and video counts.","Public AI mindshare in one live number."
"v1_social_002","social_media","easy","Using NVIDIA's YouTube channel page, how many subscribers are shown right now?","https://www.youtube.com/@NVIDIA","YouTube subscriber count integer","numeric_range","web_data_youtube_profiles","daily","US","+/- 50000","1 structured YouTube profile call","Use the YouTube profile subscriber count; reject view counts and video counts.","AI hardware audience metric."
"v1_social_003","social_media","easy","Using Google's YouTube channel page, how many subscribers are shown right now?","https://www.youtube.com/@Google","YouTube subscriber count integer","numeric_range","web_data_youtube_profiles","daily","US","+/- 100000","1 structured YouTube profile call","Use the YouTube profile subscriber count; reject view counts and video counts.","Recognizable high-scale channel metric."
"v1_social_004","social_media","easy","On the Hacker News front page right now, what is the title of the #1 ranked story?","https://news.ycombinator.com/","Top story title string","exact_match","scrape_as_markdown","minutes","global","exact normalized title","1 scrape of Hacker News front page","Use the first ranked story title on the front page; normalize whitespace and punctuation.","Developer internet front page changes constantly."
"v1_social_005","social_media","medium","On the Hacker News front page right now, how many points does the #1 ranked story have?","https://news.ycombinator.com/","Top story points integer","numeric_range","scrape_as_markdown","minutes","global","+/- 10","1 scrape of Hacker News front page","Use the points associated with the first ranked story at grader timestamp.","Fast-moving social proof metric with public source."
"v1_ecom_001","ecommerce","easy","Using this Amazon product page, what is the current new buy price in USD? https://www.amazon.com/dp/B0D1XD1ZV3","https://www.amazon.com/dp/B0D1XD1ZV3","Current Amazon buy/new price in USD","currency_range","web_data_amazon_product","intraday","US","+/- $2","1 structured Amazon product call","Use Amazon current buy/new price for the canonical ASIN; reject list price, used, renewed, and third-party article prices.","Retail pricing is viral and changes often."
"v1_ecom_002","ecommerce","easy","Using this Amazon product page for the Sony WH-1000XM5 headphones, what is the current new buy price in USD? https://www.amazon.com/dp/B09XS7JWHH","https://www.amazon.com/dp/B09XS7JWHH","Current Amazon buy/new price in USD","currency_range","web_data_amazon_product","intraday","US","+/- $2","1 structured Amazon product call","Use Amazon current buy/new price for the canonical ASIN; reject list price, used, renewed, and third-party article prices.","A proven benchmark task where models disagree."
"v1_ecom_003","ecommerce","easy","Using this Amazon product page, what is the current new buy price in USD? https://www.amazon.com/dp/B0933BVK6T","https://www.amazon.com/dp/B0933BVK6T","Current Amazon buy/new price in USD","currency_range","web_data_amazon_product","intraday","US","+/- $2","1 structured Amazon product call","Use Amazon current buy/new price for the canonical ASIN; reject list price, used, renewed, and bundle prices.","Simple consumer product with frequent sale pricing."
"v1_ecom_004","ecommerce","easy","Using this Best Buy product page for the PlayStation 5 Slim Console Digital Edition, what is the current new-product price in USD? https://www.bestbuy.com/site/sony-playstation-5-slim-console-digital-edition/6566039.p","https://www.bestbuy.com/site/sony-playstation-5-slim-console-digital-edition/6566039.p","Current Best Buy new-product price in USD","currency_range","web_data_bestbuy_products","promotions","US","+/- $5","1 structured Best Buy product call","Use the listed new-product Best Buy price; reject open-box and marketplace prices.","Gaming hardware pricing is broadly recognizable."
"v1_ecom_005","ecommerce","medium","Using Samsung's official US page for the unlocked Galaxy S25 Ultra with 256GB storage, what is the current one-time purchase price in USD before trade-in?","https://www.samsung.com/us/smartphones/galaxy-s25-ultra/buy/galaxy-s25-ultra-256gb-unlocked-sku-sm-s938uzkaxaa/","Current 256GB unlocked selling price in USD","currency_range","scrape_as_markdown","promotions","US","+/- $5","1 scrape of canonical Samsung 256GB unlocked URL","Extract current one-time purchase or sale price before trade-in; reject MSRP, 512GB/1TB prices, installments, and trade-in net prices.","Flagship phone pricing is easy to misread."
"v1_ecom_006","ecommerce","easy","Using Apple's US buy page for iPhone 16, what is the lowest listed new-device price in USD before trade-in or carrier bill credits?","https://www.apple.com/shop/buy-iphone/iphone-16","Lowest Apple-listed iPhone 16 price in USD","currency_exact","direct_http","promotions or model refreshes","US","$0","1 direct official Apple page fetch","Use Apple's structured lowPrice or the lowest Apple-listed new iPhone 16 device price; reject trade-in credits, bill credits, installment-only net prices, retailers, and other iPhone models.","A mainstream price task with a subtle source interpretation."
"v1_dev_001","research_dev","easy","Using React's package.json file on GitHub, what is the current top-level version value?","https://raw.githubusercontent.com/facebook/react/main/packages/react/package.json","package.json version string","exact_match","scrape_as_markdown","release cycle","global","exact","1 Bright Data scrape of raw GitHub package.json; parse JSON version field","Use the raw GitHub package.json version field; reject rendered GitHub UI, package manager registry versions, and README references.","Developer artifact with exact current file content."
"v1_dev_002","research_dev","easy","Using Next.js's package.json file on GitHub, what is the current top-level version value?","https://github.com/vercel/next.js/blob/canary/packages/next/package.json","package.json version string","exact_match","web_data_github_repository_file","release cycle","global","exact","1 structured GitHub repository file call","Extract the top-level version field from the specified package.json file; reject npm page values from a different timestamp.","Framework versions are clean retrieval targets."
"v1_dev_003","research_dev","easy","Using Vue's package.json file on GitHub, what is the current top-level version value?","https://github.com/vuejs/core/blob/main/packages/vue/package.json","package.json version string","exact_match","web_data_github_repository_file","release cycle","global","exact","1 structured GitHub repository file call","Extract the top-level version field from the specified package.json file; reject npm page values from a different timestamp.","OSS file retrieval is central for developer agents."
"v1_dev_004","research_dev","easy","Using Svelte's package.json file on GitHub, what is the current top-level version value?","https://github.com/sveltejs/svelte/blob/main/packages/svelte/package.json","package.json version string","exact_match","web_data_github_repository_file","release cycle","global","exact","1 structured GitHub repository file call","Extract the top-level version field from the specified package.json file; reject npm page values from a different timestamp.","Tests precise file extraction instead of broad web recall."
"v1_dev_005","research_dev","easy","Using the npm package page for lodash, how many weekly downloads are shown right now?","https://www.npmjs.com/package/lodash","Weekly downloads integer","numeric_range","scrape_as_markdown","weekly","global","+/- 5000000","1 scrape of canonical npm package page","Use weekly downloads shown on npm package page; reject monthly downloads and download badges from other sites.","High-volume package stat that stale models approximate poorly."
"v1_dev_006","research_dev","easy","Using the npm package page for react, how many weekly downloads are shown right now?","https://www.npmjs.com/package/react","Weekly downloads integer","numeric_range","scrape_as_markdown","weekly","global","+/- 3000000","1 scrape of canonical npm package page","Use weekly downloads shown on npm package page; reject monthly downloads and download badges from other sites.","A second npm task tests consistency across same source shape."
"v1_sub_001","subscriptions","easy","Using Anthropic's official US pricing page, what is the current monthly price of Claude Pro in USD?","https://www.anthropic.com/pricing","Monthly price in USD","currency_exact","scrape_as_markdown","pricing updates","US","$0","1 scrape of official Anthropic pricing page","Use official Anthropic pricing page; reject team/business prices and third-party articles.","Models can be wrong about their own ecosystem."
"v1_sub_002","subscriptions","easy","On OpenAI's official ChatGPT pricing page for the United States, what is the current monthly price of ChatGPT Plus in USD?","https://openai.com/chatgpt/pricing/","Monthly price in USD","currency_exact","scrape_as_markdown","pricing updates","US","$0","1 scrape of official OpenAI ChatGPT pricing page","Use official OpenAI ChatGPT pricing page; reject ChatGPT Pro, Team/Business, free, Go, and third-party articles.","Pairs naturally against Claude Pro for a memorable demo."
"v1_sub_003","subscriptions","easy","Using Spotify's official US Premium page, what is the current monthly price of Premium Individual in USD?","https://www.spotify.com/us/premium/","Monthly price in USD","currency_exact","scrape_as_markdown","pricing updates","US","$0","1 scrape of official Spotify Premium page","Use Spotify's Individual plan monthly price; reject Student, Duo, Family, free trial, and non-US prices.","Streaming subscription pricing is familiar and stale answers are obvious."
"v1_sub_004","subscriptions","easy","Using Netflix's official US pricing help page, what is the current monthly price of the Standard with ads plan in USD?","https://help.netflix.com/en/node/24926","Monthly price in USD","currency_exact","scrape_as_markdown","pricing updates","US","$0","1 scrape of official Netflix Help pricing page","Use the Pricing (US Dollar) section and Standard with ads row; reject extra-member prices and international prices.","Consumer pricing task where outdated answers look plausible."
"v2_fin_001","finance","easy","Using Yahoo Finance, what is AMD's current regular-market quote price in USD?","https://finance.yahoo.com/quote/AMD/","Current regular market price in USD","numeric_range","scrape_as_markdown","seconds","US","+/- $5","1 Bright Data markdown scrape of Yahoo Finance quote page","Use Yahoo Finance regularMarketPrice/current displayed quote; reject profile fields, analyst targets, historical closes, and fallback $1.00 artifacts.","Adds a volatile AI-chip stock beyond Nvidia."
"v2_fin_002","finance","easy","Using Yahoo Finance, what is AMZN's current regular-market quote price in USD?","https://finance.yahoo.com/quote/AMZN/","Current regular market price in USD","numeric_range","scrape_as_markdown","seconds","US","+/- $5","1 Bright Data markdown scrape of Yahoo Finance quote page","Use Yahoo Finance regularMarketPrice/current displayed quote; reject profile fields, analyst targets, historical closes, and fallback $1.00 artifacts.","Mega-cap AI infrastructure and ecommerce signal."
"v2_fin_003","finance","easy","Using Yahoo Finance, what is GOOGL's current regular-market quote price in USD?","https://finance.yahoo.com/quote/GOOGL/","Current regular market price in USD","numeric_range","scrape_as_markdown","seconds","US","+/- $5","1 Bright Data markdown scrape of Yahoo Finance quote page","Use Yahoo Finance regularMarketPrice/current displayed quote; reject profile fields, analyst targets, historical closes, and fallback $1.00 artifacts.","Adds another mainstream AI platform stock."
"v2_fin_004","finance","easy","Using Yahoo Finance, what is COIN's current regular-market quote price in USD?","https://finance.yahoo.com/quote/COIN/","Current regular market price in USD","numeric_range","scrape_as_markdown","seconds","US","+/- $7","1 Bright Data markdown scrape of Yahoo Finance quote page","Use Yahoo Finance regularMarketPrice/current displayed quote; reject profile fields, analyst targets, historical closes, and fallback $1.00 artifacts.","Crypto-linked equity prices move quickly and expose stale answers."
"v2_ecom_001","ecommerce","easy","Using this Walmart product page, what is the current product price in USD? https://www.walmart.com/ip/15190120099","https://www.walmart.com/ip/15190120099","Current Walmart product price in USD","currency_range","web_data_walmart_product","intraday","US","+/- $3","1 structured Walmart product call","Use Walmart structured product price for the canonical item URL; reject refurbished/pre-owned alternatives, list price, and marketplace article prices.","Expands ecommerce beyond Amazon and tests Walmart structured extraction."
"v2_ecom_002","ecommerce","easy","Using this Walmart product page, what product rating is shown right now? https://www.walmart.com/ip/15190120099","https://www.walmart.com/ip/15190120099","Walmart product rating numeric","numeric_range","web_data_walmart_product","daily","US","+/- 0.1","1 structured Walmart product call","Use the product rating on the canonical Walmart item URL; reject seller rating and review count.","Ratings test non-price ecommerce extraction."
"v2_ecom_003","ecommerce","easy","Using this Home Depot product page, what is the current product price in USD? https://www.homedepot.com/p/320175590","https://www.homedepot.com/p/320175590","Current Home Depot product price in USD","currency_range","web_data_homedepot_products","promotions","US","+/- $5","1 structured Home Depot product call","Use the listed Home Depot product price; reject card-opening discounts and bundle alternatives.","Home Depot adds a home-improvement retailer with promotional pricing."
"v2_ecom_004","ecommerce","easy","Using this Zara US product page for the ZW Collection corduroy barrel pants, what is the current product price in USD? https://www.zara.com/us/en/zw-collection-corduroy-barrel-pants-p04088042.html","https://www.zara.com/us/en/zw-collection-corduroy-barrel-pants-p04088042.html","Current Zara product price in USD","currency_range","web_data_zara_products","promotions","US","+/- $2","1 structured Zara product call","Use the Zara US product price; reject non-US currency, sale banners for other products, and out-of-stock substitutes.","Fashion ecommerce pages change often and are easy to misread."
"v2_ecom_005","ecommerce","easy","Using this Etsy listing for the Personalized Custom Name Necklace by JWLGANG, what item rating is shown right now? https://www.etsy.com/listing/659934230/personalized-custom-name-necklace","https://www.etsy.com/listing/659934230/personalized-custom-name-necklace","Etsy listing rating numeric","numeric_range","web_data_etsy_products","daily","US","+/- 0.1","1 structured Etsy product call","Use the listing's item rating; reject shop rating and sales count.","Marketplace listing ratings test source-specific field selection."
"v2_ecom_006","ecommerce","easy","Using this Etsy listing for the Personalized Custom Name Necklace by JWLGANG, what is the current listing price in USD? https://www.etsy.com/listing/659934230/personalized-custom-name-necklace","https://www.etsy.com/listing/659934230/personalized-custom-name-necklace","Current Etsy listing price in USD","currency_range","web_data_etsy_products","promotions","US","+/- $2","1 structured Etsy product call","Use the listing price for the canonical Etsy URL; reject shipping cost, sale countdown, and shopwide prices.","Etsy adds a long-tail marketplace source."
"v2_social_001","social_media","easy","Using Anthropic's YouTube channel page, how many subscribers are shown right now?","https://www.youtube.com/@AnthropicAI","YouTube subscriber count integer","numeric_range","web_data_youtube_profiles","daily","US","+/- 50000","1 structured YouTube profile call","Use the YouTube profile subscriber count; reject video view counts and channel view totals.","Adds a key AI lab audience metric."
"v2_social_002","social_media","easy","Using OpenAI's YouTube channel page, how many total channel views are shown right now?","https://www.youtube.com/@OpenAI","YouTube total views integer","numeric_range","web_data_youtube_profiles","daily","US","+/- 1000000","1 structured YouTube profile call","Use the YouTube profile total views field; reject subscriber count and individual video views.","Total views is a different structured field from the same source."
"v2_social_003","social_media","easy","Using OpenAI's YouTube channel page, how many videos are shown right now?","https://www.youtube.com/@OpenAI","YouTube video count integer","numeric_range","web_data_youtube_profiles","daily","US","+/- 5","1 structured YouTube profile call","Use the YouTube profile videos_count field; reject playlist counts and top-video counts.","Video count is a clean integer retrieval target."
"v2_business_001","business_intelligence","easy","Using OpenAI's Crunchbase company profile, what employee-count or company-size value does Crunchbase currently list?","https://www.crunchbase.com/organization/openai","Crunchbase employee count or company size","exact_match","web_data_crunchbase_company","profile updates","US","exact normalized field","1 structured Crunchbase company call","Use Crunchbase structured employee count or company size; reject LinkedIn headcount and third-party estimates.","Company intelligence adds BI-style retrieval."
"v2_business_002","business_intelligence","easy","Using OpenAI's ZoomInfo company profile, what employee-count or company-size value does ZoomInfo currently list?","https://www.zoominfo.com/c/openai/368412261","ZoomInfo employee count or company size","exact_match","web_data_zoominfo_company_profile","profile updates","US","exact normalized field","1 structured ZoomInfo company profile call","Use ZoomInfo structured employee count or company size; reject Crunchbase and LinkedIn values.","Tests another business intelligence source."
"v2_realestate_001","real_estate","easy","On the Zillow listing for 143 Flood Ave, San Francisco, CA 94131, what current Zestimate/home value is shown in USD?","https://www.zillow.com/homedetails/143-Flood-Ave-San-Francisco-CA-94131/15139850_zpid/","Current Zillow Zestimate in USD","currency_range","web_data_zillow_properties_listing","market updates","US","+/- $25000","1 structured Zillow property listing call","Use Zillow's current Zestimate or home value for the exact property URL; reject rent Zestimate and sold price.","Real estate values are live, local, and easy to confuse."
"v2_travel_001","travel","easy","On Booking.com's listing for The Plaza New York, what guest review score number is currently shown?","https://www.booking.com/hotel/us/the-plaza-new-york.html","Booking.com hotel review score numeric","numeric_range","web_data_booking_hotel_listings","daily","US","+/- 0.2","1 structured Booking.com hotel listing call","Use the Booking.com review score for the exact hotel listing; reject star class and third-party ratings.","Travel tasks test live listing metadata."
"v2_dev_001","research_dev","easy","Using Flask's GitHub file src/flask/__init__.py on the main branch, how many lines does that file contain right now?","https://github.com/pallets/flask/blob/main/src/flask/__init__.py","GitHub repository file line count integer","numeric_range","web_data_github_repository_file","commit updates","global","+/- 0","1 structured GitHub repository file call","Use the structured num_lines field for the exact GitHub file; reject README line counts and local package files.","Developer file metadata is exact and auditable."
"v2_dev_002","research_dev","easy","Using FastAPI's GitHub file fastapi/__init__.py on the master branch, how many lines does that file contain right now?","https://github.com/fastapi/fastapi/blob/master/fastapi/__init__.py","GitHub repository file line count integer","numeric_range","web_data_github_repository_file","commit updates","global","+/- 0","1 structured GitHub repository file call","Use the structured num_lines field for the exact GitHub file; reject docs and generated package metadata.","Adds another exact developer artifact task."
"v2_news_001","news","medium","On the Reuters US news page at retrieval time, what is the headline of the first visible news story card?","https://www.reuters.com/world/us/","Reuters headline string","exact_match","scrape_as_markdown","news updates","US","exact normalized headline","1 Reuters article or section scrape; use deterministic extraction only if a concrete article headline is visible","Reuters has no documented structured web_data tool in Bright Data MCP; use generic scrape only for concrete article URLs, not broad section pages.","Reuters adds a news-source benchmark candidate."
"v2_fin_005","finance","easy","Using CoinMarketCap's Bitcoin page, what BTC price in USD is shown right now?","https://coinmarketcap.com/currencies/bitcoin/","Current Bitcoin price in USD","currency_range","scrape_as_markdown","seconds","US","+/- $1000","1 scrape of CoinMarketCap Bitcoin page","Use the current Bitcoin price shown by CoinMarketCap; reject market cap, volume, and historical high values.","Crypto prices move constantly and are useful live finance tasks."
"v2_fin_006","finance","easy","Using CoinMarketCap's Ethereum page, what ETH price in USD is shown right now?","https://coinmarketcap.com/currencies/ethereum/","Current Ethereum price in USD","currency_range","scrape_as_markdown","seconds","US","+/- $100","1 scrape of CoinMarketCap Ethereum page","Use the current Ethereum price shown by CoinMarketCap; reject market cap, volume, and historical high values.","Adds a second independently scraped crypto price task."
"v2_fin_007","finance","easy","Using CompaniesMarketCap's NVIDIA page, what market cap value is shown right now?","https://companiesmarketcap.com/nvidia/marketcap/","Current market cap string","exact_match","scrape_as_markdown","daily","US","exact normalized value","1 scrape of CompaniesMarketCap Nvidia market cap page","Use the Market cap value from CompaniesMarketCap; reject stock price, revenue, and enterprise value.","Market cap tasks test large-number units like T versus B."
"v3_dev_001","research_dev","easy","Using the npm package page for react, what latest package version is shown right now?","https://www.npmjs.com/package/react","npm package latest version string","exact_match","web_data_npm_package","release updates","global","exact","1 structured npm package call","Use the package version returned for the exact npm package; reject GitHub package.json and blog posts.","Developer teams often ask agents for current package metadata before upgrades."
"v3_dev_002","research_dev","easy","Using the npm package page for next, how many weekly downloads are shown right now?","https://www.npmjs.com/package/next","npm weekly downloads integer","numeric_range","web_data_npm_package","daily","global","+/- 5000000","1 structured npm package call","Use npm package weekly downloads; reject monthly downloads, stars, and GitHub downloads.","Package popularity is a practical developer evaluation task."
"v3_dev_003","research_dev","easy","Using the PyPI project page for FastAPI, what latest package version is shown right now?","https://pypi.org/project/fastapi/","PyPI package latest version string","exact_match","web_data_pypi_package","release updates","global","exact","1 structured PyPI package call","Use the PyPI package version for FastAPI; reject docs versions and GitHub tags.","Backend engineers ask this kind of live package question constantly."
"v3_dev_004","research_dev","easy","Using PyPI's package data for pydantic, what is the current info.version value?","https://pypi.org/pypi/pydantic/json","PyPI package latest version string","exact_match","scrape_as_markdown","release updates","global","exact","1 Bright Data scrape of PyPI JSON API; parse info.version","Use PyPI JSON info.version for the package; reject docs versions, GitHub tags, and release-history text.","Package version retrieval is exact and useful for developer workflows."
"v3_dev_005","research_dev","easy","Using Requests' GitHub file src/requests/__init__.py on the main branch, how many lines does that file contain right now?","https://github.com/psf/requests/blob/main/src/requests/__init__.py","GitHub repository file line count integer","numeric_range","web_data_github_repository_file","commit updates","global","+/- 0","1 structured GitHub repository file call","Use the structured num_lines field for the exact GitHub file; reject local installed packages and README line counts.","Exact GitHub metadata is a clean source-specific retrieval task."
"v3_social_001","social_media","easy","On OpenAI's YouTube channel page, how many subscribers are currently shown?","https://www.youtube.com/@OpenAI","YouTube subscriber count integer","numeric_range","web_data_youtube_profiles","daily","US","+/- 50000","1 structured YouTube profile call","Use the YouTube profile subscriber count; reject channel views and individual video views.","Creator and marketing teams care about live audience metrics."
"v3_social_002","social_media","easy","On Google's YouTube channel page, how many subscribers are currently shown?","https://www.youtube.com/@Google","YouTube subscriber count integer","numeric_range","web_data_youtube_profiles","daily","US","+/- 100000","1 structured YouTube profile call","Use the YouTube profile subscriber count; reject channel views and individual video views.","Large-brand social metrics are natural business-user retrieval tasks."
"v3_social_003","social_media","easy","Using NVIDIA's YouTube channel page, how many videos are shown right now?","https://www.youtube.com/@NVIDIA","YouTube video count integer","numeric_range","web_data_youtube_profiles","daily","US","+/- 10","1 structured YouTube profile call","Use the YouTube profile videos_count field; reject playlist counts and shorts-only counts.","Marketing teams often compare channel publishing volume."
"v3_fin_001","finance","easy","Using CoinMarketCap's Solana page, what SOL price in USD is shown right now?","https://coinmarketcap.com/currencies/solana/","Current Solana price in USD","currency_range","scrape_as_markdown","seconds","US","+/- $20","1 scrape of CoinMarketCap Solana page","Use the current Solana price shown by CoinMarketCap; reject market cap, volume, and all-time-high values.","Crypto prices are live, volatile, and hard to memorize reliably."
"v3_fin_002","finance","easy","Using CoinMarketCap's XRP page, what XRP price in USD is shown right now?","https://coinmarketcap.com/currencies/xrp/","Current XRP price in USD","currency_range","scrape_as_markdown","seconds","US","+/- $0.25","1 scrape of CoinMarketCap XRP page","Use the current XRP price shown by CoinMarketCap; reject market cap, volume, and all-time-high values.","Small-unit crypto prices test numeric extraction and tolerance."
"v3_fin_003","finance","easy","Using CompaniesMarketCap's Microsoft page, what market cap value is shown right now?","https://companiesmarketcap.com/microsoft/marketcap/","Current market cap string","exact_match","scrape_as_markdown","daily","US","exact normalized value","1 scrape of CompaniesMarketCap Microsoft market cap page","Use the Market cap value from CompaniesMarketCap; reject stock price, revenue, and enterprise value.","Business users ask live company-scale questions often."
"v3_ecom_001","ecommerce","easy","Using this Walmart product page, what is the current product price in USD? https://www.walmart.com/ip/15190120099","https://www.walmart.com/ip/15190120099","Current Walmart product price in USD","currency_range","web_data_walmart_product","intraday","US","+/- $3","1 structured Walmart product call","Use Walmart structured product price for the canonical item URL; reject refurbished/pre-owned alternatives, list price, and marketplace article prices.","A shopper-style task that is natural but still source-specific."
"v3_ecom_002","ecommerce","easy","Using this Walmart product page, what product rating is shown right now? https://www.walmart.com/ip/15190120099","https://www.walmart.com/ip/15190120099","Walmart product rating numeric","numeric_range","web_data_walmart_product","daily","US","+/- 0.1","1 structured Walmart product call","Use the product rating on the canonical Walmart item URL; reject seller rating and review count.","Ratings test ecommerce source precision without exposing the evaluator."
"v3_realestate_001","real_estate","easy","On the Zillow listing for 143 Flood Ave, San Francisco, CA 94131, what current Zestimate/home value is shown in USD?","https://www.zillow.com/homedetails/143-Flood-Ave-San-Francisco-CA-94131/15139850_zpid/","Current Zillow Zestimate in USD","currency_range","web_data_zillow_properties_listing","market updates","US","+/- $25000","1 structured Zillow property listing call","Use Zillow's current Zestimate or home value for the exact property URL; reject rent Zestimate and sold price.","Real-estate teams ask highly local live-value questions."
"v3_travel_001","travel","easy","On Booking.com's listing for The Plaza New York, what guest review score number is currently shown?","https://www.booking.com/hotel/us/the-plaza-new-york.html","Booking.com hotel review score numeric","numeric_range","web_data_booking_hotel_listings","daily","US","+/- 0.2","1 structured Booking.com hotel listing call","Use the Booking.com review score for the exact hotel listing; reject star class and third-party ratings.","Travel planning questions are natural public-web retrieval tasks."
"v4_fin_001","finance","easy","Using CoinMarketCap's Dogecoin page, what DOGE price in USD is shown right now?","https://coinmarketcap.com/currencies/dogecoin/","Current Dogecoin price in USD","currency_range","scrape_as_markdown","seconds","US","+/- $0.05","1 scrape of CoinMarketCap Dogecoin page","Use the current Dogecoin price shown by CoinMarketCap; reject market cap, volume, and all-time-high values.","Adds another volatile crypto price with small-unit numeric extraction."
"v4_fin_002","finance","easy","Using CoinMarketCap's Cardano page, what ADA price in USD is shown right now?","https://coinmarketcap.com/currencies/cardano/","Current Cardano price in USD","currency_range","scrape_as_markdown","seconds","US","+/- $0.10","1 scrape of CoinMarketCap Cardano page","Use the current Cardano price shown by CoinMarketCap; reject market cap, volume, and all-time-high values.","Adds a live finance task where stale memorized values are easy to expose."
"v4_fin_003","finance","easy","Using CompaniesMarketCap's Apple page, what market cap value is shown right now?","https://companiesmarketcap.com/apple/marketcap/","Current market cap string","exact_match","scrape_as_markdown","daily","US","exact normalized value","1 scrape of CompaniesMarketCap Apple market cap page","Use the Market cap value from CompaniesMarketCap; reject stock price, revenue, and enterprise value.","Market cap is a common business question with large-number formatting."
"v4_fin_004","finance","easy","Using CompaniesMarketCap's Amazon page, what market cap value is shown right now?","https://companiesmarketcap.com/amazon/marketcap/","Current market cap string","exact_match","scrape_as_markdown","daily","US","exact normalized value","1 scrape of CompaniesMarketCap Amazon market cap page","Use the Market cap value from CompaniesMarketCap; reject stock price, revenue, and enterprise value.","Adds another high-recognition public-company finance metric."
"v4_realestate_001","real_estate","easy","Using FRED's MORTGAGE30US series, what is the latest reported 30-year fixed mortgage rate?","https://fred.stlouisfed.org/graph/fredgraph.csv?id=MORTGAGE30US","Latest FRED MORTGAGE30US value","numeric_range","direct_http","weekly","US","+/- 0.01","1 direct fetch of FRED CSV endpoint","Use the latest non-empty MORTGAGE30US observation from FRED; reject old observations, APR articles, and lender-specific rates.","Mortgage rates are a real-estate question with a stable public data source."
"v4_realestate_002","real_estate","easy","Using FRED's MORTGAGE15US series, what is the latest reported 15-year fixed mortgage rate?","https://fred.stlouisfed.org/graph/fredgraph.csv?id=MORTGAGE15US","Latest FRED MORTGAGE15US value","numeric_range","direct_http","weekly","US","+/- 0.01","1 direct fetch of FRED CSV endpoint","Use the latest non-empty MORTGAGE15US observation from FRED; reject old observations, APR articles, and lender-specific rates.","Adds a second real-estate financing rate with exact public data."
"v4_realestate_003","real_estate","medium","Using FRED's CSUSHPINSA series, what is the latest reported U.S. national home price index value?","https://fred.stlouisfed.org/graph/fredgraph.csv?id=CSUSHPINSA","Latest FRED CSUSHPINSA value","numeric_range","direct_http","monthly","US","+/- 0.01","1 direct fetch of FRED CSV endpoint","Use the latest non-empty CSUSHPINSA observation from FRED; reject regional indexes, old observations, and article summaries.","Home price index retrieval is useful for real-estate and finance users."
"v4_realestate_004","real_estate","medium","Using FRED's MSPUS series, what is the latest reported median sales price of houses sold in the United States?","https://fred.stlouisfed.org/graph/fredgraph.csv?id=MSPUS","Latest FRED MSPUS value","numeric_range","direct_http","quarterly","US","+/- 1","1 direct fetch of FRED CSV endpoint","Use the latest non-empty MSPUS observation from FRED; reject list prices, regional values, and old observations.","Median home sale price is a natural real-estate business question."
"v4_ecom_001","ecommerce","easy","Using Apple's US MacBook Air buy page, what is the current starting price for the 15-inch MacBook Air in USD?","https://www.apple.com/shop/buy-mac/macbook-air","15-inch MacBook Air starting price in USD","currency_exact","scrape_as_markdown","pricing updates","US","$0","1 scrape of official Apple MacBook Air buy page","Use Apple's 15-inch MacBook Air base starting price; reject financing, trade-in, AppleCare, and 13-inch prices.","Official ecommerce pricing is exact and easy for users to understand."
"v4_ecom_002","ecommerce","easy","Using this Amazon product page for the Sony WH-1000XM5 headphones, what product rating is shown right now? https://www.amazon.com/dp/B09XS7JWHH","https://www.amazon.com/dp/B09XS7JWHH","Amazon product rating numeric","numeric_range","web_data_amazon_product","daily","US","+/- 0.1","1 structured Amazon product call","Use the Amazon product rating for the canonical ASIN; reject review count, seller rating, and product price.","Ratings test ecommerce field selection beyond price."
"v4_ecom_003","ecommerce","easy","Using this Amazon product page for the Sony WH-1000XM5 headphones, how many product reviews are shown right now? https://www.amazon.com/dp/B09XS7JWHH","https://www.amazon.com/dp/B09XS7JWHH","Amazon product review count integer","numeric_range","web_data_amazon_product","daily","US","+/- 500","1 structured Amazon product call","Use the Amazon product review count for the canonical ASIN; reject rating, answered questions, and seller feedback.","Review counts are practical shopper metadata and change over time."
"v4_ecom_004","ecommerce","easy","Using this Walmart product page, how many product reviews are shown right now? https://www.walmart.com/ip/15190120099","https://www.walmart.com/ip/15190120099","Walmart product review count integer","numeric_range","web_data_walmart_product","daily","US","+/- 500","1 structured Walmart product call","Use the Walmart product review count for the canonical item URL; reject rating, seller rating, and price.","Adds a Walmart ecommerce metric that is not a price."
"v4_ecom_005","ecommerce","easy","Using this Home Depot product page, what product rating is shown right now? https://www.homedepot.com/p/320175590","https://www.homedepot.com/p/320175590","Home Depot product rating numeric","numeric_range","web_data_homedepot_products","daily","US","+/- 0.1","1 structured Home Depot product call","Use the Home Depot product rating for the exact product URL; reject review count, price, and financing/card-discount text.","Home improvement ecommerce expands the benchmark beyond electronics."
"v4_travel_001","travel","easy","Using the National Weather Service latest observation for JFK Airport (KJFK), what wind speed is reported in km/h?","https://api.weather.gov/stations/KJFK/observations/latest","NWS latest wind speed km/h","numeric_range","direct_http","minutes","US","+/- 2.0","1 direct fetch of the National Weather Service station observation JSON","Use properties.windSpeed.value from the KJFK latest observation; reject knots, mph conversions, forecasts, and non-JFK stations.","Airport weather is a natural travel question with official live data."
"v4_travel_002","travel","easy","Using the National Weather Service latest observation for Los Angeles International Airport (KLAX), what temperature is reported in Celsius?","https://api.weather.gov/stations/KLAX/observations/latest","NWS latest temperature Celsius","numeric_range","direct_http","minutes","US","+/- 1.0","1 direct fetch of the National Weather Service station observation JSON","Use properties.temperature.value from the KLAX latest observation; reject Fahrenheit conversions, forecasts, and non-LAX stations.","Travelers often ask current airport weather before flights."
"v4_travel_003","travel","easy","Using the National Weather Service latest observation for San Francisco International Airport (KSFO), what temperature is reported in Celsius?","https://api.weather.gov/stations/KSFO/observations/latest","NWS latest temperature Celsius","numeric_range","direct_http","minutes","US","+/- 1.0","1 direct fetch of the National Weather Service station observation JSON","Use properties.temperature.value from the KSFO latest observation; reject Fahrenheit conversions, forecasts, and non-SFO stations.","Airport temperature is a live travel planning signal."
"v4_travel_004","travel","easy","Using the National Weather Service latest observation for Seattle-Tacoma Airport (KSEA), what relative humidity is reported in percent?","https://api.weather.gov/stations/KSEA/observations/latest","NWS latest relative humidity percent","numeric_range","direct_http","minutes","US","+/- 2.0","1 direct fetch of the National Weather Service station observation JSON","Use properties.relativeHumidity.value from the KSEA latest observation; reject forecasts and non-Seattle airport stations.","Humidity is a live airport weather value that is easy to verify."
"v4_travel_005","travel","easy","Using the National Weather Service latest observation for Chicago O'Hare Airport (KORD), what temperature is reported in Celsius?","https://api.weather.gov/stations/KORD/observations/latest","NWS latest temperature Celsius","numeric_range","direct_http","minutes","US","+/- 1.0","1 direct fetch of the National Weather Service station observation JSON","Use properties.temperature.value from the KORD latest observation; reject Fahrenheit conversions, forecasts, and non-O'Hare stations.","Adds a major hub airport travel-weather task."
